deviceId,locationId,desc,lat,lon,area,areatype,town,county,project_name
7487422956,KS-O30321,Jsene/JsenePM,22.7622,120.3233,中崎里,一般社區,橋頭區,高雄市,107年高雄市空氣品質感測物聯網布建計畫
7526409697,KS-O30026,Jsene/AQNA-1000,22.6477,120.3036,博愛一路,交通區,三民區,高雄市,107年高雄市空氣品質感測物聯網布建計畫
7480850758,KS-O30146,Jsene/JsenePM,22.656,120.329,三民區陳情熱區,一般社區,三民區,高雄市,107年高雄市空氣品質感測物聯網布建計畫
7484244972,KS-O30235,Jsene/JsenePM,22.5516,120.3685,臨海工業區,工業區,小港區,高雄市,107年高雄市空氣品質感測物聯網布建計畫
7481489700,KS-O30167,Jsene/JsenePM,22.7272,120.3303,大社工業區,鄰近工業區社區,楠梓區,高雄市,107年高雄市空氣品質感測物聯網布建計畫
7484166900,KS-O30233,Jsene/AQNA-1000,22.555,120.3689,臨海工業區,工業區,小港區,高雄市,107年高雄市空氣品質感測物聯網布建計畫
7487067353,KS-O30314,Jsene/JsenePM,22.5244,120.3637,臨海工業區,工業區,小港區,高雄市,107年高雄市空氣品質感測物聯網布建計畫
7483648158,KS-O30219,Jsene/JsenePM,22.5664,120.3527,臨海工業區,鄰近工業區社區,小港區,高雄市,107年高雄市空氣品質感測物聯網布建計畫
7482563337,KS-O30194,Jsene/AQNA-1000,22.5812,120.4331,大發工業區,工業區,大寮區,高雄市,107年高雄市空氣品質感測物聯網布建計畫
7487651318,KS-O30326,Jsene/AQNA-1000,22.7451,120.2871,頂鹽里,一般社區,橋頭區,高雄市,107年高雄市空氣品質感測物聯網布建計畫
7482322722,KS-O30165,Jsene/AQNA-1000,22.7332,120.2925,加工出口區楠梓園區,鄰近工業區社區,楠梓區,高雄市,107年高雄市空氣品質感測物聯網布建計畫
7481037555,KS-O30148,Jsene/JsenePM,22.6504,120.3185,三民區陳情熱區,一般社區,三民區,高雄市,107年高雄市空氣品質感測物聯網布建計畫
7483730450,KS-O30221,Jsene/JsenePM,22.5579,120.3665,臨海工業區,工業區,小港區,高雄市,107年高雄市空氣品質感測物聯網布建計畫
7487303452,KS-O30315,Jsene/JsenePM,22.7844,120.2885,信義里,一般社區,岡山區,高雄市,107年高雄市空氣品質感測物聯網布建計畫
7486702638,KS-O30308,Jsene/JsenePM,22.5296,120.3666,臨海工業區,工業區,小港區,高雄市,107年高雄市空氣品質感測物聯網布建計畫
7485391205,KS-O30269,Jsene/JsenePM,22.5426,120.3737,臨海工業區,工業區,小港區,高雄市,107年高雄市空氣品質感測物聯網布建計畫
7527014441,KS-O30495,Jsene/AQNA-1000,22.708312,120.289033,大昌里,一般社區,楠梓區,高雄市,107年高雄市空氣品質感測物聯網布建計畫
7483438017,KS-O30207,Jsene/AQNA-1000,22.6738,120.3164,左營區陳情熱區,一般社區,左營區,高雄市,107年高雄市空氣品質感測物聯網布建計畫
7486962767,KS-O30310,Jsene/JsenePM,22.5274,120.3654,臨海工業區,工業區,小港區,高雄市,107年高雄市空氣品質感測物聯網布建計畫
7527275539,KS-O30061,Jsene/JsenePM,22.5673,120.3467,臨海工業區,鄰近工業區社區,小港區,高雄市,107年高雄市空氣品質感測物聯網布建計畫
7483566071,KS-O30216,Jsene/AQNA-1000,22.633644,120.28713,臨海工業區,工業區,小港區,高雄市,107年高雄市空氣品質感測物聯網布建計畫
7487193130,KS-O30316,Jsene/JsenePM,22.782,120.2842,劉厝里,一般社區,岡山區,高雄市,107年高雄市空氣品質感測物聯網布建計畫
7527108394,KS-O30004,Jsene/AQNA-1000,22.7607,120.235,興達電廠,一般社區,彌陀區,高雄市,107年高雄市空氣品質感測物聯網布建計畫
7485611211,KS-O30056,Jsene/JsenePM,22.5925,120.3078,鎮北里社區,一般社區,前鎮區,高雄市,107年高雄市空氣品質感測物聯網布建計畫
7483214351,KS-O30192,Jsene/AQNA-1000,22.5646,120.4249,環保署大寮測站,測站比對,大寮區,高雄市,107年高雄市空氣品質感測物聯網布建計畫
7481885025,KS-O30154,Jsene/JsenePM,22.5717,120.4287,大發工業區,工業區,大寮區,高雄市,107年高雄市空氣品質感測物聯網布建計畫
7484035803,KS-O30227,Jsene/AQNA-1000,22.633644,120.28713,環保署前金測站,測站比對,三民區,高雄市,107年高雄市空氣品質感測物聯網布建計畫
7487221986,KS-O30319,Jsene/AQNA-1000,22.764412,120.3019338,橋頭工業用地,鄰近工業區社區,橋頭區,高雄市,107年高雄市空氣品質感測物聯網布建計畫
7484492354,KS-O30202,Jsene/AQNA-1000,22.5723,120.4328,大發工業區,工業區,大寮區,高雄市,107年高雄市空氣品質感測物聯網布建計畫
7483993254,KS-O30223,Jsene/JsenePM,22.5675,120.3557,臨海工業區,鄰近工業區社區,小港區,高雄市,107年高雄市空氣品質感測物聯網布建計畫
7485837538,KS-O30285,Jsene/JsenePM,22.5329,120.3613,臨海工業區,工業區,小港區,高雄市,107年高雄市空氣品質感測物聯網布建計畫
7484368862,KS-O30220,Jsene/AQNA-1000,22.559122,120.365589,臨海工業區,工業區,小港區,高雄市,107年高雄市空氣品質感測物聯網布建計畫
7481693548,KS-O30264,Jsene/AQNA-1000,22.6843,120.4143,小坪里,一般社區,大樹區,高雄市,107年高雄市空氣品質感測物聯網布建計畫
7485404658,KS-O30239,Jsene/JsenePM,22.5538,120.3729,臨海工業區,工業區,小港區,高雄市,107年高雄市空氣品質感測物聯網布建計畫
7482159607,KS-O30191,Jsene/JsenePM,22.6858,120.2873,左營區陳情熱區,一般社區,左營區,高雄市,107年高雄市空氣品質感測物聯網布建計畫
7482098424,KS-O30182,Jsene/AQNA-1000,22.5646,120.4249,大寮測站,測站比對,大寮區,高雄市,107年高雄市空氣品質感測物聯網布建計畫
7486824865,KS-O30311,Jsene/JsenePM,22.788,120.2964,仁義里,一般社區,岡山區,高雄市,107年高雄市空氣品質感測物聯網布建計畫
7482486195,KS-O30139,Jsene/AQNA-1000,22.5768,120.4228,大發工業區,工業區,大寮區,高雄市,107年高雄市空氣品質感測物聯網布建計畫
7482729710,KS-O30196,Jsene/JsenePM,22.6788,120.3134,左營區陳情熱區,一般社區,左營區,高雄市,107年高雄市空氣品質感測物聯網布建計畫
7486047608,KS-O30291,Jsene/JsenePM,22.5297,120.3571,臨海工業區,工業區,小港區,高雄市,107年高雄市空氣品質感測物聯網布建計畫
7483396307,KS-O30208,Jsene/JsenePM,22.582,120.4306,大發工業區,工業區,大寮區,高雄市,107年高雄市空氣品質感測物聯網布建計畫
7482227039,KS-O30152,Jsene/AQNA-1000,22.5737,120.4287,大發工業區,工業區,大寮區,高雄市,107年高雄市空氣品質感測物聯網布建計畫
7481593311,KS-O30248,Jsene/JsenePM,22.5489,120.3763,臨海工業區,工業區,小港區,高雄市,107年高雄市空氣品質感測物聯網布建計畫
7481202080,KS-O30118,Jsene/JsenePM,22.5856,120.4041,內坑里,一般社區,大寮區,高雄市,107年高雄市空氣品質感測物聯網布建計畫
7485992724,KS-O30033,Jsene/JsenePM,22.6399,120.3463,褒揚東街,一般社區,三民區,高雄市,107年高雄市空氣品質感測物聯網布建計畫
7480953563,KS-O30110,Jsene/JsenePM,22.5952,120.4291,大發工業區,鄰近工業區社區,大寮區,高雄市,107年高雄市空氣品質感測物聯網布建計畫
7485715088,KS-O30048,Jsene/JsenePM,22.6129,120.2923,苓東里社區,一般社區,苓雅區,高雄市,107年高雄市空氣品質感測物聯網布建計畫
7481190130,KS-O30100,Jsene/JsenePM,22.5886,120.4289,大發工業區,工業區,大寮區,高雄市,107年高雄市空氣品質感測物聯網布建計畫
7486324088,KS-O30300,Jsene/JsenePM,22.633644,120.28713,三和里,一般社區,岡山區,高雄市,107年高雄市空氣品質感測物聯網布建計畫
7481993385,KS-O30178,Jsene/AQNA-1000,22.7423,120.3375,大社工業區,鄰近工業區社區,楠梓區,高雄市,107年高雄市空氣品質感測物聯網布建計畫
7482944438,KS-O30181,Jsene/AQNA-1000,22.5741,120.4302,大發工業區,工業區,大寮區,高雄市,107年高雄市空氣品質感測物聯網布建計畫
7486508672,KS-O30306,Jsene/AQNA-1000,22.5102,120.3613,臨海工業區,鄰近工業區社區,小港區,高雄市,107年高雄市空氣品質感測物聯網布建計畫
7486427917,KS-O30305,Jsene/JsenePM,22.5322,120.368,臨海工業區,工業區,小港區,高雄市,107年高雄市空氣品質感測物聯網布建計畫
7526625381,KS-O30488,Jsene/JsenePM,22.59,120.2853,南汕里社區,一般社區,旗津區,高雄市,107年高雄市空氣品質感測物聯網布建計畫
7483140615,KS-O30201,Jsene/AQNA-1000,22.7737,120.4371,旗山區社區感測,一般社區,旗山區,高雄市,107年高雄市空氣品質感測物聯網布建計畫
7484527022,KS-O30245,Jsene/JsenePM,22.5479,120.3715,臨海工業區,工業區,小港區,高雄市,107年高雄市空氣品質感測物聯網布建計畫
7487568107,KS-O30322,Jsene/JsenePM,22.5173,120.3587,臨海工業區,工業區,小港區,高雄市,107年高雄市空氣品質感測物聯網布建計畫
7527351738,KS-O30485,Jsene/AQNA-1000,22.7257,120.2567,信蚵里社區,一般社區,梓官區,高雄市,107年高雄市空氣品質感測物聯網布建計畫
7527563599,KS-O30498,Jsene/AQNA-1000,22.6083,120.2722,實踐里社區,一般社區,旗津區,高雄市,107年高雄市空氣品質感測物聯網布建計畫
7481393388,KS-O30159,Jsene/JsenePM,22.663,120.3207,三民區陳情熱區,一般社區,三民區,高雄市,107年高雄市空氣品質感測物聯網布建計畫
