meterid,dcid,circuitid,metertype,updatetime,reporttime,v,a,hz,pf,w,va,var,whplus,varhplus
11253,11215,11253,0,00:10.2,00:02.0,219,0.34,60,0.567,42,,,105.5,
11247,11215,11247,1,00:09.9,00:02.0,,,,,,,,,
11251,11215,11251,0,00:10.1,00:02.0,219.3,0.736,60,0.662,106,,,276.03,
11256,11215,11256,0,00:09.9,00:02.0,219,0.186,60,0.897,35,,,79.03,
11254,11215,11254,0,00:10.2,00:02.0,219.3,0.101,60,0.526,10,,,24.49,
11255,11215,11255,0,00:10.1,00:02.0,219.2,0.191,60,0.341,14,,,35.96,
11252,11215,11252,0,00:10.2,00:02.0,219.2,0,60,1,0,,,0.03,
11282,11218,11282,0,43:39.5,43:28.0,218.9,0.017,60,0.5,1,,,38.63,
11278,11218,11278,0,43:39.8,43:28.0,218.7,0.972,60,0.801,170,,,513.26,
11280,11218,11280,0,43:39.7,43:28.0,219,0.117,60,0.5,12,,,24.32,
11277,11218,11277,0,43:39.8,43:28.0,219,1.535,60,0.737,247,,,792.41,
11249,11218,11250,0,43:39.4,43:28.0,12333875.2,,60,,,,,,
11279,11218,11279,0,43:39.8,43:28.0,218.9,0.363,60,0.538,42,,,108.64,
11281,11218,11281,0,43:39.8,43:28.0,218.7,0.171,60,0.324,12,,,31.2,
11275,11219,11275,0,58:12.8,57:57.0,218.8,0.016,60,0.5,1,,,38.63,
11263,11219,11262,1,58:13.3,57:58.0,,,,,,,,,
11273,11219,11273,0,58:13.1,57:58.0,219.1,0.097,60,0.526,10,,,23.96,
11270,11219,11270,0,58:13.0,57:58.0,219.1,1.584,60,0.879,304,,,614.42,
11271,11219,11271,0,58:13.0,57:58.0,219.3,1.372,60,0.92,276,,,465.53,
11272,11219,11272,0,58:13.0,57:58.0,218.8,0,60,1,0,,,0,
11274,11219,11274,0,58:13.0,57:57.0,219.3,0.175,60,0.324,12,,,30.97,
11291,11221,11291,0,57:35.6,57:21.0,219.5,0.855,60,0.844,157,,,422.69,
11294,11221,11294,0,57:35.6,57:21.0,219.5,0.167,60,0.314,11,,,27.33,
11293,11221,11293,0,57:35.6,57:21.0,219.5,0.097,60,0.473,9,,,23.33,
11289,11221,11289,1,57:35.6,57:21.0,,,,,,,,,
11292,11221,11292,0,57:35.8,57:21.0,219.8,0,60,1,0,,,0,
11295,11221,11295,0,57:35.7,57:21.0,219.8,0.017,60,0.5,1,,,37.96,
11290,11221,11290,0,57:35.5,57:20.0,219.5,1.086,60,0.772,183,,,566.8,
11306,11223,11306,0,57:33.7,57:22.0,219.1,0.2,60,0.463,19,,,51.84,
11305,11223,11305,0,57:33.7,57:22.0,219.1,1.256,60,0.912,249,,,580.7,
11303,11223,11303,1,57:33.6,57:22.0,,,,,,,,,
11308,11223,11308,0,57:33.7,57:22.0,219.1,0.194,60,0.341,14,,,36.55,
11307,11223,11307,0,57:33.7,57:22.0,219.4,0.099,60,0.473,9,,,24.25,
11304,11223,11304,0,57:33.8,57:22.0,219.4,1.652,60,0.819,295,,,793.52,
11309,11223,11309,0,57:33.6,57:22.0,219.1,0.017,60,0.5,1,,,38.81,
11317,11225,11317,,57:19.5,57:18.0,,,,,,,,,
11322,11225,11322,1,57:19.6,57:18.0,218.7,0.7449,59.98,0.77,125.5,16290,10380,288.756,1015.9
11325,11225,11325,1,57:19.8,57:18.0,218.7,0,59.98,1,0,0,0,32.58,0.3
11324,11225,11324,1,57:19.6,57:18.0,218.7,0.1625,59.98,0.323,11.5,3550,3350,24.421,6308.2
11323,11225,11323,1,57:19.6,57:18.0,218.7,0,59.98,1,0,0,0,0.012,14.7
11321,11225,11321,1,57:19.5,57:18.0,218.7,0.982,59.98,0.692,148.8,21480,15490,373.153,2654.6
11330,11226,11330,1,59:07.4,58:53.0,219.1,0,59.98,1,0,0,0,32.396,1.4
11329,11226,11329,1,59:07.4,58:53.0,219.1,0.1792,59.98,0.295,11.6,3930,3750,25.08,5749.7
11327,11226,11327,1,59:07.4,58:53.0,219.1,0.9505,59.98,-1.23,170.4,20830,-13620,377.719,249.5
11318,11226,11318,,59:07.1,58:53.0,,,,,,,,,
11328,11226,11328,1,59:07.4,58:53.0,219.1,0,59.98,1,0,0,0,0.002,7.2
11326,11226,11326,1,59:07.1,58:53.0,219.1,0.9999,59.98,-0.801,197.8,26880,-22760,494.144,251.9
11335,11227,11335,1,00:08.8,00:05.0,218.6,0.0942,60.02,-1.194,17.6,2060,-4050,33.067,0
11319,11227,11319,,00:08.7,00:05.0,,,,,,,,,
11331,11227,11331,1,00:08.7,00:05.0,218.6,0.9999,60.02,0.735,175.3,23830,16140,416.945,2211.8
11332,11227,11332,1,00:08.8,00:05.0,218.6,0.7822,60.02,0.794,135.8,17100,10390,335.312,872.8
11333,11227,11333,1,00:08.8,00:05.0,218.6,0,60.02,1,0,0,0,0.007,4.7
11334,11227,11334,1,00:08.9,00:05.0,218.6,0.1744,60.02,0.328,12.5,3810,3590,27.263,5590.9
11336,11228,11336,1,58:18.4,58:07.0,218.2,0.9999,60,-0.869,148.5,22260,-19260,362.358,150.7
11320,11228,11320,,58:18.4,58:07.0,,,,,,,,,
11338,11228,11338,1,58:18.6,58:07.0,218.2,0,60,1,0,0,0,0.001,5.6
11337,11228,11337,1,58:18.6,58:07.0,218.2,0.7489,60,-0.795,121.1,16340,-14630,275.289,177.1
11339,11228,11339,1,58:18.6,58:07.0,218.2,0.1853,60,0.319,12.9,4040,3820,27.429,7850.8
11340,11228,11340,1,58:18.6,58:07.0,218.2,0,60,1,0,0,0,32.298,40.8
11343,11229,11343,1,58:47.4,58:41.0,217.8,0,59.97,1,0,0,0,0.002,0
11344,11229,11344,1,58:47.4,58:41.0,217.8,0,59.97,1,0,0,0,0.002,1.7
11345,11229,11345,1,58:47.6,58:41.0,217.8,0.1967,59.97,0.35,15,4280,4000,32.758,7074.2
11346,11229,11346,1,58:47.6,58:41.0,217.8,0,59.97,1,0,0,0,0.002,0
11341,11229,11341,,58:47.3,58:41.0,,,,,,,,,
11342,11229,11342,1,58:47.3,58:41.0,217.8,0.2889,59.97,-0.622,25.3,6290,-9610,52.286,321.6
